-- 用途: 项目 SQL 合集（按顺序拼接 sql/ 的 1-3 文件）
-- Combined SQL bundle for this project
-- Notes:
-- 1) This file concatenates numbered SQL files 1-3 under sql/ in a readable order.
-- 2) No full backup snapshot is included.
-- ============================================
-- SECTION 01: 1_创建数据库.sql
-- ============================================
-- ==== BEGIN 1_创建数据库.sql ====
-- 用途: 创建 fl 数据库与本地账户（fluser/123456）
# mysql

# 删除并创建数据库 fl
# 字符集改为 utf8mb4
#   源字符集为 utf8(utf8mb3), utf8mb4兼容utf8, utf8不兼容utf8mb4
# 排序方式为 utf8mb4_general_ci
DROP DATABASE IF EXISTS fl;
CREATE DATABASE fl
    CHARACTER SET utf8mb4
    COLLATE utf8mb4_general_ci;

CREATE USER IF NOT EXISTS 'fluser'@'localhost' IDENTIFIED BY '123456';
GRANT ALL PRIVILEGES ON fl.* TO 'fluser'@'localhost';
FLUSH PRIVILEGES;
USE fl;
-- ==== END 1_创建数据库.sql ====

-- SECTION 02: 2_基础运行数据.sql
-- ============================================
-- ==== BEGIN 2_基础运行数据.sql ====
-- 用途: 基础运行数据（系统/权限/菜单/角色/字典/Quartz 等）
-- 用途: 若依基础库结构与初始数据（基线版本 2025-05-22）
USE fl;
SET NAMES utf8mb4 COLLATE utf8mb4_general_ci;
ALTER DATABASE fl CHARACTER SET utf8mb4 COLLATE utf8mb4_general_ci;
-- ----------------------------
-- 1、部门表
-- ----------------------------
drop table if exists sys_dept;
create table sys_dept (
  dept_id           bigint(20)      not null auto_increment    comment '部门id',
  parent_id         bigint(20)      default 0                  comment '父部门id',
  ancestors         varchar(50)     default ''                 comment '祖级列表',
  dept_name         varchar(30)     default ''                 comment '部门名称',
  order_num         int(4)          default 0                  comment '显示顺序',
  leader            varchar(20)     default null               comment '负责人',
  phone             varchar(11)     default null               comment '联系电话',
  email             varchar(50)     default null               comment '邮箱',
  status            char(1)         default '0'                comment '部门状态（0正常 1停用）',
  del_flag          char(1)         default '0'                comment '删除标志（0代表存在 2代表删除）',
  create_by         varchar(64)     default ''                 comment '创建者',
  create_time 	    datetime                                   comment '创建时间',
  update_by         varchar(64)     default ''                 comment '更新者',
  update_time       datetime                                   comment '更新时间',
  primary key (dept_id)
) engine=innodb auto_increment=200 comment = '部门表';

-- ----------------------------
-- 初始化-部门表数据（最小可用）
-- ----------------------------
INSERT INTO sys_dept (
  dept_id, parent_id, ancestors, dept_name, order_num,
  leader, phone, email, status, del_flag,
  create_by, create_time, update_by, update_time
) VALUES (
  1, 0, '0', '医院', 0,
  '', NULL, NULL, '0', '0',
  'admin', SYSDATE(), '', NULL
);


-- ----------------------------
-- 2、用户信息表
-- ----------------------------
drop table if exists sys_user;
create table sys_user (
  user_id           bigint(20)      not null auto_increment    comment '用户ID',
  dept_id           bigint(20)      default null               comment '部门ID',
  user_name         varchar(30)     not null                   comment '用户账号',
  nick_name         varchar(30)     not null                   comment '用户昵称',
  user_type         varchar(2)      default '00'               comment '用户类型（00系统用户）',
  email             varchar(50)     default ''                 comment '用户邮箱',
  phonenumber       varchar(11)     default ''                 comment '手机号码',
  sex               char(1)         default '0'                comment '用户性别（0男 1女 2未知）',
  avatar            varchar(100)    default ''                 comment '头像地址',
  password          varchar(100)    default ''                 comment '密码',
  status            char(1)         default '0'                comment '账号状态（0正常 1停用）',
  del_flag          char(1)         default '0'                comment '删除标志（0代表存在 2代表删除）',
  login_ip          varchar(128)    default ''                 comment '最后登录IP',
  login_date        datetime                                   comment '最后登录时间',
  pwd_update_date   datetime                                   comment '密码最后更新时间',
  create_by         varchar(64)     default ''                 comment '创建者',
  create_time       datetime                                   comment '创建时间',
  update_by         varchar(64)     default ''                 comment '更新者',
  update_time       datetime                                   comment '更新时间',
  apply_role_key    varchar(100)    default null               comment '申请角色权限标识',
  apply_status      char(1)         default null               comment '申请状态(0待审批 1通过 2驳回)',
  remark            varchar(500)    default null               comment '备注',
  primary key (user_id)
) engine=innodb auto_increment=100 comment = '用户信息表';

-- ----------------------------
-- 初始化-用户信息表数据
-- ----------------------------
INSERT INTO sys_user (
  user_id, dept_id, user_name, nick_name, user_type, email, phonenumber, sex,
  avatar, password, status, del_flag, login_ip, login_date, pwd_update_date,
  create_by, create_time, update_by, update_time, apply_role_key, apply_status, remark
) VALUES (
  1, 1, 'admin', 'admin', '00', 'admin@local', '', '1',
  '', '$2a$10$7JB720yubVSZvUI0rEqK/.VqGOZTH.ulu33dHOiBE8ByOhJIrdAu2',
  '0', '0', '', NULL, NULL,
  'admin', SYSDATE(), '', NULL, NULL, NULL, '管理员级'
);


-- ----------------------------
-- 3、岗位信息表
-- ----------------------------
drop table if exists sys_post;
create table sys_post
(
  post_id       bigint(20)      not null auto_increment    comment '岗位ID',
  post_code     varchar(64)     not null                   comment '岗位编码',
  post_name     varchar(50)     not null                   comment '岗位名称',
  post_sort     int(4)          not null                   comment '显示顺序',
  status        char(1)         not null                   comment '状态（0正常 1停用）',
  create_by     varchar(64)     default ''                 comment '创建者',
  create_time   datetime                                   comment '创建时间',
  update_by     varchar(64)     default ''			       comment '更新者',
  update_time   datetime                                   comment '更新时间',
  remark        varchar(500)    default null               comment '备注',
  primary key (post_id)
) engine=innodb comment = '岗位信息表';



-- ----------------------------
-- 4、角色信息表
-- ----------------------------
drop table if exists sys_role;
create table sys_role (
  role_id              bigint(20)      not null auto_increment    comment '角色ID',
  role_name            varchar(30)     not null                   comment '角色名称',
  role_key             varchar(100)    not null                   comment '角色权限字符串',
  role_sort            int(4)          not null                   comment '显示顺序',
  data_scope           char(1)         default '1'                comment '数据范围（1：全部数据权限 2：自定数据权限 3：本部门数据权限 4：本部门及以下数据权限）',
  menu_check_strictly  tinyint(1)      default 1                  comment '菜单树选择项是否关联显示',
  dept_check_strictly  tinyint(1)      default 1                  comment '部门树选择项是否关联显示',
  status               char(1)         not null                   comment '角色状态（0正常 1停用）',
  del_flag             char(1)         default '0'                comment '删除标志（0代表存在 2代表删除）',
  create_by            varchar(64)     default ''                 comment '创建者',
  create_time          datetime                                   comment '创建时间',
  update_by            varchar(64)     default ''                 comment '更新者',
  update_time          datetime                                   comment '更新时间',
  remark               varchar(500)    default null               comment '备注',
  primary key (role_id)
) engine=innodb auto_increment=100 comment = '角色信息表';

-- ----------------------------
-- 初始化-角色信息表数据
-- ----------------------------
insert into sys_role values('1', '管理员级',  'admin',  1, 1, 1, 1, '0', '0', 'admin', sysdate(), '', null, '管理员级');


-- ----------------------------
-- 5、菜单权限表
-- ----------------------------
drop table if exists sys_menu;
create table sys_menu (
  menu_id           bigint(20)      not null auto_increment    comment '菜单ID',
  menu_name         varchar(50)     not null                   comment '菜单名称',
  parent_id         bigint(20)      default 0                  comment '父菜单ID',
  order_num         int(4)          default 0                  comment '显示顺序',
  path              varchar(200)    default ''                 comment '路由地址',
  component         varchar(255)    default null               comment '组件路径',
  query             varchar(255)    default null               comment '路由参数',
  route_name        varchar(50)     default ''                 comment '路由名称',
  is_frame          int(1)          default 1                  comment '是否为外链（0是 1否）',
  is_cache          int(1)          default 0                  comment '是否缓存（0缓存 1不缓存）',
  menu_type         char(1)         default ''                 comment '菜单类型（M目录 C菜单 F按钮）',
  visible           char(1)         default 0                  comment '菜单状态（0显示 1隐藏）',
  status            char(1)         default 0                  comment '菜单状态（0正常 1停用）',
  perms             varchar(100)    default null               comment '权限标识',
  icon              varchar(100)    default '#'                comment '菜单图标',
  create_by         varchar(64)     default ''                 comment '创建者',
  create_time       datetime                                   comment '创建时间',
  update_by         varchar(64)     default ''                 comment '更新者',
  update_time       datetime                                   comment '更新时间',
  remark            varchar(500)    default ''                 comment '备注',
  primary key (menu_id)
) engine=innodb auto_increment=2000 comment = '菜单权限表';

-- ----------------------------
-- 初始化-菜单信息表数据
-- ----------------------------
-- 一级菜单（首页之后）
insert into sys_menu values('1200', '数据上传', '0', '1', 'patient', 'patient/information/index', '', '', 1, 0, 'C', '0', '0', 'patient:information:list', 'upload',   'admin', sysdate(), '', null, '数据上传菜单');
insert into sys_menu values('1201', '数据查询', '0', '2', 'check',   'check/information/index',   '', '', 1, 0, 'C', '0', '0', 'patient:information:list', 'checkbox', 'admin', sysdate(), '', null, '数据查询菜单');
insert into sys_menu values('1', '系统管理', '0', '3', 'system',           null, '', '', 1, 0, 'M', '0', '0', '', 'system',   'admin', sysdate(), '', null, '系统管理目录');
insert into sys_menu values('2', '系统监控', '0', '4', 'monitor',          null, '', '', 1, 0, 'M', '0', '0', '', 'monitor',  'admin', sysdate(), '', null, '系统监控目录');
insert into sys_menu values('3', '系统工具', '0', '5', 'tool',             null, '', '', 1, 0, 'M', '0', '0', '', 'tool',     'admin', sysdate(), '', null, '系统工具目录');
insert into sys_menu values('4', '若依官网', '0', '6', 'http://ruoyi.vip', null, '', '', 0, 0, 'M', '0', '0', '', 'guide',    'admin', sysdate(), '', null, '若依官网地址');
-- 二级菜单
insert into sys_menu values('100',  '用户管理', '1',   '1', 'user',       'system/user/index',        '', '', 1, 0, 'C', '0', '0', 'system:user:list',        'user',          'admin', sysdate(), '', null, '用户管理菜单');
insert into sys_menu values('101',  '角色管理', '1',   '2', 'role',       'system/role/index',        '', '', 1, 0, 'C', '0', '0', 'system:role:list',        'peoples',       'admin', sysdate(), '', null, '角色管理菜单');
insert into sys_menu values('102',  '菜单管理', '1',   '3', 'menu',       'system/menu/index',        '', '', 1, 0, 'C', '0', '0', 'system:menu:list',        'tree-table',    'admin', sysdate(), '', null, '菜单管理菜单');
insert into sys_menu values('103',  '部门管理', '1',   '4', 'dept',       'system/dept/index',        '', '', 1, 0, 'C', '0', '0', 'system:dept:list',        'tree',          'admin', sysdate(), '', null, '部门管理菜单');
insert into sys_menu values('104',  '岗位管理', '1',   '5', 'post',       'system/post/index',        '', '', 1, 0, 'C', '0', '0', 'system:post:list',        'post',          'admin', sysdate(), '', null, '岗位管理菜单');
insert into sys_menu values('105',  '字典管理', '1',   '6', 'dict',       'system/dict/index',        '', '', 1, 0, 'C', '0', '0', 'system:dict:list',        'dict',          'admin', sysdate(), '', null, '字典管理菜单');
insert into sys_menu values('106',  '参数设置', '1',   '7', 'config',     'system/config/index',      '', '', 1, 0, 'C', '0', '0', 'system:config:list',      'edit',          'admin', sysdate(), '', null, '参数设置菜单');
insert into sys_menu values('107',  '通知公告', '1',   '8', 'notice',     'system/notice/index',      '', '', 1, 0, 'C', '0', '0', 'system:notice:list',      'message',       'admin', sysdate(), '', null, '通知公告菜单');
insert into sys_menu values('108',  '日志管理', '1',   '9', 'log',        '',                         '', '', 1, 0, 'M', '0', '0', '',                        'log',           'admin', sysdate(), '', null, '日志管理菜单');
insert into sys_menu values('109',  '在线用户', '2',   '1', 'online',     'monitor/online/index',     '', '', 1, 0, 'C', '0', '0', 'monitor:online:list',     'online',        'admin', sysdate(), '', null, '在线用户菜单');
insert into sys_menu values('110',  '定时任务', '2',   '2', 'job',        'monitor/job/index',        '', '', 1, 0, 'C', '0', '0', 'monitor:job:list',        'job',           'admin', sysdate(), '', null, '定时任务菜单');
insert into sys_menu values('111',  '数据监控', '2',   '3', 'druid',      'monitor/druid/index',      '', '', 1, 0, 'C', '0', '0', 'monitor:druid:list',      'druid',         'admin', sysdate(), '', null, '数据监控菜单');
insert into sys_menu values('112',  '服务监控', '2',   '4', 'server',     'monitor/server/index',     '', '', 1, 0, 'C', '0', '0', 'monitor:server:list',     'server',        'admin', sysdate(), '', null, '服务监控菜单');
insert into sys_menu values('113',  '缓存监控', '2',   '5', 'cache',      'monitor/cache/index',      '', '', 1, 0, 'C', '0', '0', 'monitor:cache:list',      'redis',         'admin', sysdate(), '', null, '缓存监控菜单');
insert into sys_menu values('114',  '缓存列表', '2',   '6', 'cacheList',  'monitor/cache/list',       '', '', 1, 0, 'C', '0', '0', 'monitor:cache:list',      'redis-list',    'admin', sysdate(), '', null, '缓存列表菜单');
insert into sys_menu values('115',  '表单构建', '3',   '1', 'build',      'tool/build/index',         '', '', 1, 0, 'C', '0', '0', 'tool:build:list',         'build',         'admin', sysdate(), '', null, '表单构建菜单');
insert into sys_menu values('116',  '代码生成', '3',   '2', 'gen',        'tool/gen/index',           '', '', 1, 0, 'C', '0', '0', 'tool:gen:list',           'code',          'admin', sysdate(), '', null, '代码生成菜单');
insert into sys_menu values('117',  '系统接口', '3',   '3', 'swagger',    'tool/swagger/index',       '', '', 1, 0, 'C', '0', '0', 'tool:swagger:list',       'swagger',       'admin', sysdate(), '', null, '系统接口菜单');
-- 数据上传/查询按钮权限（用于上传页面操作授权）
insert into sys_menu values('1210', '上传查询', '1200', '1',  '', '', '', '', 1, 0, 'F', '0', '0', 'patient:information:query',  '#', 'admin', sysdate(), '', null, '');
insert into sys_menu values('1211', '上传新增', '1200', '2',  '', '', '', '', 1, 0, 'F', '0', '0', 'patient:information:add',    '#', 'admin', sysdate(), '', null, '');
insert into sys_menu values('1212', '上传修改', '1200', '3',  '', '', '', '', 1, 0, 'F', '0', '0', 'patient:information:edit',   '#', 'admin', sysdate(), '', null, '');
insert into sys_menu values('1213', '上传删除', '1200', '4',  '', '', '', '', 1, 0, 'F', '0', '0', 'patient:information:remove', '#', 'admin', sysdate(), '', null, '');
insert into sys_menu values('1214', '上传导出', '1200', '5',  '', '', '', '', 1, 0, 'F', '0', '0', 'patient:information:export', '#', 'admin', sysdate(), '', null, '');
-- 三级菜单
insert into sys_menu values('500',  '操作日志', '108', '1', 'operlog',    'monitor/operlog/index',    '', '', 1, 0, 'C', '0', '0', 'monitor:operlog:list',    'form',          'admin', sysdate(), '', null, '操作日志菜单');
insert into sys_menu values('501',  '登录日志', '108', '2', 'logininfor', 'monitor/logininfor/index', '', '', 1, 0, 'C', '0', '0', 'monitor:logininfor:list', 'logininfor',    'admin', sysdate(), '', null, '登录日志菜单');
-- 用户管理按钮
insert into sys_menu values('1000', '用户查询', '100', '1',  '', '', '', '', 1, 0, 'F', '0', '0', 'system:user:query',          '#', 'admin', sysdate(), '', null, '');
insert into sys_menu values('1001', '用户新增', '100', '2',  '', '', '', '', 1, 0, 'F', '0', '0', 'system:user:add',            '#', 'admin', sysdate(), '', null, '');
insert into sys_menu values('1002', '用户修改', '100', '3',  '', '', '', '', 1, 0, 'F', '0', '0', 'system:user:edit',           '#', 'admin', sysdate(), '', null, '');
insert into sys_menu values('1003', '用户删除', '100', '4',  '', '', '', '', 1, 0, 'F', '0', '0', 'system:user:remove',         '#', 'admin', sysdate(), '', null, '');
insert into sys_menu values('1004', '用户导出', '100', '5',  '', '', '', '', 1, 0, 'F', '0', '0', 'system:user:export',         '#', 'admin', sysdate(), '', null, '');
insert into sys_menu values('1005', '用户导入', '100', '6',  '', '', '', '', 1, 0, 'F', '0', '0', 'system:user:import',         '#', 'admin', sysdate(), '', null, '');
insert into sys_menu values('1006', '重置密码', '100', '7',  '', '', '', '', 1, 0, 'F', '0', '0', 'system:user:resetPwd',       '#', 'admin', sysdate(), '', null, '');
-- 角色管理按钮
insert into sys_menu values('1007', '角色查询', '101', '1',  '', '', '', '', 1, 0, 'F', '0', '0', 'system:role:query',          '#', 'admin', sysdate(), '', null, '');
insert into sys_menu values('1008', '角色新增', '101', '2',  '', '', '', '', 1, 0, 'F', '0', '0', 'system:role:add',            '#', 'admin', sysdate(), '', null, '');
insert into sys_menu values('1009', '角色修改', '101', '3',  '', '', '', '', 1, 0, 'F', '0', '0', 'system:role:edit',           '#', 'admin', sysdate(), '', null, '');
insert into sys_menu values('1010', '角色删除', '101', '4',  '', '', '', '', 1, 0, 'F', '0', '0', 'system:role:remove',         '#', 'admin', sysdate(), '', null, '');
insert into sys_menu values('1011', '角色导出', '101', '5',  '', '', '', '', 1, 0, 'F', '0', '0', 'system:role:export',         '#', 'admin', sysdate(), '', null, '');
-- 菜单管理按钮
insert into sys_menu values('1012', '菜单查询', '102', '1',  '', '', '', '', 1, 0, 'F', '0', '0', 'system:menu:query',          '#', 'admin', sysdate(), '', null, '');
insert into sys_menu values('1013', '菜单新增', '102', '2',  '', '', '', '', 1, 0, 'F', '0', '0', 'system:menu:add',            '#', 'admin', sysdate(), '', null, '');
insert into sys_menu values('1014', '菜单修改', '102', '3',  '', '', '', '', 1, 0, 'F', '0', '0', 'system:menu:edit',           '#', 'admin', sysdate(), '', null, '');
insert into sys_menu values('1015', '菜单删除', '102', '4',  '', '', '', '', 1, 0, 'F', '0', '0', 'system:menu:remove',         '#', 'admin', sysdate(), '', null, '');
-- 部门管理按钮
insert into sys_menu values('1016', '部门查询', '103', '1',  '', '', '', '', 1, 0, 'F', '0', '0', 'system:dept:query',          '#', 'admin', sysdate(), '', null, '');
insert into sys_menu values('1017', '部门新增', '103', '2',  '', '', '', '', 1, 0, 'F', '0', '0', 'system:dept:add',            '#', 'admin', sysdate(), '', null, '');
insert into sys_menu values('1018', '部门修改', '103', '3',  '', '', '', '', 1, 0, 'F', '0', '0', 'system:dept:edit',           '#', 'admin', sysdate(), '', null, '');
insert into sys_menu values('1019', '部门删除', '103', '4',  '', '', '', '', 1, 0, 'F', '0', '0', 'system:dept:remove',         '#', 'admin', sysdate(), '', null, '');
-- 岗位管理按钮
insert into sys_menu values('1020', '岗位查询', '104', '1',  '', '', '', '', 1, 0, 'F', '0', '0', 'system:post:query',          '#', 'admin', sysdate(), '', null, '');
insert into sys_menu values('1021', '岗位新增', '104', '2',  '', '', '', '', 1, 0, 'F', '0', '0', 'system:post:add',            '#', 'admin', sysdate(), '', null, '');
insert into sys_menu values('1022', '岗位修改', '104', '3',  '', '', '', '', 1, 0, 'F', '0', '0', 'system:post:edit',           '#', 'admin', sysdate(), '', null, '');
insert into sys_menu values('1023', '岗位删除', '104', '4',  '', '', '', '', 1, 0, 'F', '0', '0', 'system:post:remove',         '#', 'admin', sysdate(), '', null, '');
insert into sys_menu values('1024', '岗位导出', '104', '5',  '', '', '', '', 1, 0, 'F', '0', '0', 'system:post:export',         '#', 'admin', sysdate(), '', null, '');
-- 字典管理按钮
insert into sys_menu values('1025', '字典查询', '105', '1', '#', '', '', '', 1, 0, 'F', '0', '0', 'system:dict:query',          '#', 'admin', sysdate(), '', null, '');
insert into sys_menu values('1026', '字典新增', '105', '2', '#', '', '', '', 1, 0, 'F', '0', '0', 'system:dict:add',            '#', 'admin', sysdate(), '', null, '');
insert into sys_menu values('1027', '字典修改', '105', '3', '#', '', '', '', 1, 0, 'F', '0', '0', 'system:dict:edit',           '#', 'admin', sysdate(), '', null, '');
insert into sys_menu values('1028', '字典删除', '105', '4', '#', '', '', '', 1, 0, 'F', '0', '0', 'system:dict:remove',         '#', 'admin', sysdate(), '', null, '');
insert into sys_menu values('1029', '字典导出', '105', '5', '#', '', '', '', 1, 0, 'F', '0', '0', 'system:dict:export',         '#', 'admin', sysdate(), '', null, '');
-- 参数设置按钮
insert into sys_menu values('1030', '参数查询', '106', '1', '#', '', '', '', 1, 0, 'F', '0', '0', 'system:config:query',        '#', 'admin', sysdate(), '', null, '');
insert into sys_menu values('1031', '参数新增', '106', '2', '#', '', '', '', 1, 0, 'F', '0', '0', 'system:config:add',          '#', 'admin', sysdate(), '', null, '');
insert into sys_menu values('1032', '参数修改', '106', '3', '#', '', '', '', 1, 0, 'F', '0', '0', 'system:config:edit',         '#', 'admin', sysdate(), '', null, '');
insert into sys_menu values('1033', '参数删除', '106', '4', '#', '', '', '', 1, 0, 'F', '0', '0', 'system:config:remove',       '#', 'admin', sysdate(), '', null, '');
insert into sys_menu values('1034', '参数导出', '106', '5', '#', '', '', '', 1, 0, 'F', '0', '0', 'system:config:export',       '#', 'admin', sysdate(), '', null, '');
-- 通知公告按钮
insert into sys_menu values('1035', '公告查询', '107', '1', '#', '', '', '', 1, 0, 'F', '0', '0', 'system:notice:query',        '#', 'admin', sysdate(), '', null, '');
insert into sys_menu values('1036', '公告新增', '107', '2', '#', '', '', '', 1, 0, 'F', '0', '0', 'system:notice:add',          '#', 'admin', sysdate(), '', null, '');
insert into sys_menu values('1037', '公告修改', '107', '3', '#', '', '', '', 1, 0, 'F', '0', '0', 'system:notice:edit',         '#', 'admin', sysdate(), '', null, '');
insert into sys_menu values('1038', '公告删除', '107', '4', '#', '', '', '', 1, 0, 'F', '0', '0', 'system:notice:remove',       '#', 'admin', sysdate(), '', null, '');
-- 操作日志按钮
insert into sys_menu values('1039', '操作查询', '500', '1', '#', '', '', '', 1, 0, 'F', '0', '0', 'monitor:operlog:query',      '#', 'admin', sysdate(), '', null, '');
insert into sys_menu values('1040', '操作删除', '500', '2', '#', '', '', '', 1, 0, 'F', '0', '0', 'monitor:operlog:remove',     '#', 'admin', sysdate(), '', null, '');
insert into sys_menu values('1041', '日志导出', '500', '3', '#', '', '', '', 1, 0, 'F', '0', '0', 'monitor:operlog:export',     '#', 'admin', sysdate(), '', null, '');
-- 登录日志按钮
insert into sys_menu values('1042', '登录查询', '501', '1', '#', '', '', '', 1, 0, 'F', '0', '0', 'monitor:logininfor:query',   '#', 'admin', sysdate(), '', null, '');
insert into sys_menu values('1043', '登录删除', '501', '2', '#', '', '', '', 1, 0, 'F', '0', '0', 'monitor:logininfor:remove',  '#', 'admin', sysdate(), '', null, '');
insert into sys_menu values('1044', '日志导出', '501', '3', '#', '', '', '', 1, 0, 'F', '0', '0', 'monitor:logininfor:export',  '#', 'admin', sysdate(), '', null, '');
insert into sys_menu values('1045', '账户解锁', '501', '4', '#', '', '', '', 1, 0, 'F', '0', '0', 'monitor:logininfor:unlock',  '#', 'admin', sysdate(), '', null, '');
-- 在线用户按钮
insert into sys_menu values('1046', '在线查询', '109', '1', '#', '', '', '', 1, 0, 'F', '0', '0', 'monitor:online:query',       '#', 'admin', sysdate(), '', null, '');
insert into sys_menu values('1047', '批量强退', '109', '2', '#', '', '', '', 1, 0, 'F', '0', '0', 'monitor:online:batchLogout', '#', 'admin', sysdate(), '', null, '');
insert into sys_menu values('1048', '单条强退', '109', '3', '#', '', '', '', 1, 0, 'F', '0', '0', 'monitor:online:forceLogout', '#', 'admin', sysdate(), '', null, '');
-- 定时任务按钮
insert into sys_menu values('1049', '任务查询', '110', '1', '#', '', '', '', 1, 0, 'F', '0', '0', 'monitor:job:query',          '#', 'admin', sysdate(), '', null, '');
insert into sys_menu values('1050', '任务新增', '110', '2', '#', '', '', '', 1, 0, 'F', '0', '0', 'monitor:job:add',            '#', 'admin', sysdate(), '', null, '');
insert into sys_menu values('1051', '任务修改', '110', '3', '#', '', '', '', 1, 0, 'F', '0', '0', 'monitor:job:edit',           '#', 'admin', sysdate(), '', null, '');
insert into sys_menu values('1052', '任务删除', '110', '4', '#', '', '', '', 1, 0, 'F', '0', '0', 'monitor:job:remove',         '#', 'admin', sysdate(), '', null, '');
insert into sys_menu values('1053', '状态修改', '110', '5', '#', '', '', '', 1, 0, 'F', '0', '0', 'monitor:job:changeStatus',   '#', 'admin', sysdate(), '', null, '');
insert into sys_menu values('1054', '任务导出', '110', '6', '#', '', '', '', 1, 0, 'F', '0', '0', 'monitor:job:export',         '#', 'admin', sysdate(), '', null, '');
-- 代码生成按钮
insert into sys_menu values('1055', '生成查询', '116', '1', '#', '', '', '', 1, 0, 'F', '0', '0', 'tool:gen:query',             '#', 'admin', sysdate(), '', null, '');
insert into sys_menu values('1056', '生成修改', '116', '2', '#', '', '', '', 1, 0, 'F', '0', '0', 'tool:gen:edit',              '#', 'admin', sysdate(), '', null, '');
insert into sys_menu values('1057', '生成删除', '116', '3', '#', '', '', '', 1, 0, 'F', '0', '0', 'tool:gen:remove',            '#', 'admin', sysdate(), '', null, '');
insert into sys_menu values('1058', '导入代码', '116', '4', '#', '', '', '', 1, 0, 'F', '0', '0', 'tool:gen:import',            '#', 'admin', sysdate(), '', null, '');
insert into sys_menu values('1059', '预览代码', '116', '5', '#', '', '', '', 1, 0, 'F', '0', '0', 'tool:gen:preview',           '#', 'admin', sysdate(), '', null, '');
insert into sys_menu values('1060', '生成代码', '116', '6', '#', '', '', '', 1, 0, 'F', '0', '0', 'tool:gen:code',              '#', 'admin', sysdate(), '', null, '');


-- ----------------------------
-- 6、用户和角色关联表  用户N-1角色
-- ----------------------------
drop table if exists sys_user_role;
create table sys_user_role (
  user_id   bigint(20) not null comment '用户ID',
  role_id   bigint(20) not null comment '角色ID',
  primary key(user_id, role_id)
) engine=innodb comment = '用户和角色关联表';

-- ----------------------------
-- 初始化-用户和角色关联表数据
-- ----------------------------
insert into sys_user_role values ('1', '1');


-- ----------------------------
-- 7、角色和菜单关联表  角色1-N菜单
-- ----------------------------
drop table if exists sys_role_menu;
create table sys_role_menu (
  role_id   bigint(20) not null comment '角色ID',
  menu_id   bigint(20) not null comment '菜单ID',
  primary key(role_id, menu_id)
) engine=innodb comment = '角色和菜单关联表';

-- ----------------------------
-- 初始化-角色和菜单关联表数据
-- ----------------------------

-- ----------------------------
-- 8、角色和部门关联表  角色1-N部门
-- ----------------------------
drop table if exists sys_role_dept;
create table sys_role_dept (
  role_id   bigint(20) not null comment '角色ID',
  dept_id   bigint(20) not null comment '部门ID',
  primary key(role_id, dept_id)
) engine=innodb comment = '角色和部门关联表';

-- ----------------------------
-- 初始化-角色和部门关联表数据
-- ----------------------------


-- ----------------------------
-- 9、用户与岗位关联表  用户1-N岗位
-- ----------------------------
drop table if exists sys_user_post;
create table sys_user_post
(
  user_id   bigint(20) not null comment '用户ID',
  post_id   bigint(20) not null comment '岗位ID',
  primary key (user_id, post_id)
) engine=innodb comment = '用户与岗位关联表';

-- ----------------------------
-- 初始化-用户与岗位关联表数据
-- ----------------------------


-- ----------------------------
-- 10、操作日志记录
-- ----------------------------
drop table if exists sys_oper_log;
create table sys_oper_log (
  oper_id           bigint(20)      not null auto_increment    comment '日志主键',
  title             varchar(50)     default ''                 comment '模块标题',
  business_type     int(2)          default 0                  comment '业务类型（0其它 1新增 2修改 3删除）',
  method            varchar(200)    default ''                 comment '方法名称',
  request_method    varchar(10)     default ''                 comment '请求方式',
  operator_type     int(1)          default 0                  comment '操作类别（0其它 1后台用户 2手机端用户）',
  oper_name         varchar(50)     default ''                 comment '操作人员',
  dept_name         varchar(50)     default ''                 comment '部门名称',
  oper_url          varchar(255)    default ''                 comment '请求URL',
  oper_ip           varchar(128)    default ''                 comment '主机地址',
  oper_location     varchar(255)    default ''                 comment '操作地点',
  oper_param        varchar(2000)   default ''                 comment '请求参数',
  json_result       varchar(2000)   default ''                 comment '返回参数',
  status            int(1)          default 0                  comment '操作状态（0正常 1异常）',
  error_msg         varchar(2000)   default ''                 comment '错误消息',
  oper_time         datetime                                   comment '操作时间',
  cost_time         bigint(20)      default 0                  comment '消耗时间',
  primary key (oper_id),
  key idx_sys_oper_log_bt (business_type),
  key idx_sys_oper_log_s  (status),
  key idx_sys_oper_log_ot (oper_time)
) engine=innodb auto_increment=100 comment = '操作日志记录';


-- ----------------------------
-- 11、字典类型表
-- ----------------------------
drop table if exists sys_dict_type;
create table sys_dict_type
(
  dict_id          bigint(20)      not null auto_increment    comment '字典主键',
  dict_name        varchar(100)    default ''                 comment '字典名称',
  dict_type        varchar(100)    default ''                 comment '字典类型',
  status           char(1)         default '0'                comment '状态（0正常 1停用）',
  create_by        varchar(64)     default ''                 comment '创建者',
  create_time      datetime                                   comment '创建时间',
  update_by        varchar(64)     default ''                 comment '更新者',
  update_time      datetime                                   comment '更新时间',
  remark           varchar(500)    default null               comment '备注',
  primary key (dict_id),
  unique (dict_type)
) engine=innodb auto_increment=100 comment = '字典类型表';

insert into sys_dict_type values(1,  '用户性别', 'sys_user_sex',        '0', 'admin', sysdate(), '', null, '用户性别列表');
insert into sys_dict_type values(2,  '菜单状态', 'sys_show_hide',       '0', 'admin', sysdate(), '', null, '菜单状态列表');
insert into sys_dict_type values(3,  '系统开关', 'sys_normal_disable',  '0', 'admin', sysdate(), '', null, '系统开关列表');
insert into sys_dict_type values(4,  '任务状态', 'sys_job_status',      '0', 'admin', sysdate(), '', null, '任务状态列表');
insert into sys_dict_type values(5,  '任务分组', 'sys_job_group',       '0', 'admin', sysdate(), '', null, '任务分组列表');
insert into sys_dict_type values(6,  '系统是否', 'sys_yes_no',          '0', 'admin', sysdate(), '', null, '系统是否列表');
insert into sys_dict_type values(7,  '通知类型', 'sys_notice_type',     '0', 'admin', sysdate(), '', null, '通知类型列表');
insert into sys_dict_type values(8,  '通知状态', 'sys_notice_status',   '0', 'admin', sysdate(), '', null, '通知状态列表');
insert into sys_dict_type values(9,  '操作类型', 'sys_oper_type',       '0', 'admin', sysdate(), '', null, '操作类型列表');
insert into sys_dict_type values(10, '系统状态', 'sys_common_status',   '0', 'admin', sysdate(), '', null, '登录状态列表');


-- ----------------------------
-- 12、字典数据表
-- ----------------------------
drop table if exists sys_dict_data;
create table sys_dict_data
(
  dict_code        bigint(20)      not null auto_increment    comment '字典编码',
  dict_sort        int(4)          default 0                  comment '字典排序',
  dict_label       varchar(100)    default ''                 comment '字典标签',
  dict_value       varchar(100)    default ''                 comment '字典键值',
  dict_type        varchar(100)    default ''                 comment '字典类型',
  css_class        varchar(100)    default null               comment '样式属性（其他样式扩展）',
  list_class       varchar(100)    default null               comment '表格回显样式',
  is_default       char(1)         default 'N'                comment '是否默认（Y是 N否）',
  status           char(1)         default '0'                comment '状态（0正常 1停用）',
  create_by        varchar(64)     default ''                 comment '创建者',
  create_time      datetime                                   comment '创建时间',
  update_by        varchar(64)     default ''                 comment '更新者',
  update_time      datetime                                   comment '更新时间',
  remark           varchar(500)    default null               comment '备注',
  primary key (dict_code)
) engine=innodb auto_increment=100 comment = '字典数据表';

insert into sys_dict_data values(1,  1,  '男',       '0',       'sys_user_sex',        '',   '',        'Y', '0', 'admin', sysdate(), '', null, '性别男');
insert into sys_dict_data values(2,  2,  '女',       '1',       'sys_user_sex',        '',   '',        'N', '0', 'admin', sysdate(), '', null, '性别女');
insert into sys_dict_data values(3,  3,  '未知',     '2',       'sys_user_sex',        '',   '',        'N', '0', 'admin', sysdate(), '', null, '性别未知');
insert into sys_dict_data values(4,  1,  '显示',     '0',       'sys_show_hide',       '',   'primary', 'Y', '0', 'admin', sysdate(), '', null, '显示菜单');
insert into sys_dict_data values(5,  2,  '隐藏',     '1',       'sys_show_hide',       '',   'danger',  'N', '0', 'admin', sysdate(), '', null, '隐藏菜单');
insert into sys_dict_data values(6,  1,  '正常',     '0',       'sys_normal_disable',  '',   'primary', 'Y', '0', 'admin', sysdate(), '', null, '正常状态');
insert into sys_dict_data values(7,  2,  '停用',     '1',       'sys_normal_disable',  '',   'danger',  'N', '0', 'admin', sysdate(), '', null, '停用状态');
insert into sys_dict_data values(8,  1,  '正常',     '0',       'sys_job_status',      '',   'primary', 'Y', '0', 'admin', sysdate(), '', null, '正常状态');
insert into sys_dict_data values(9,  2,  '暂停',     '1',       'sys_job_status',      '',   'danger',  'N', '0', 'admin', sysdate(), '', null, '停用状态');
insert into sys_dict_data values(10, 1,  '默认',     'DEFAULT', 'sys_job_group',       '',   '',        'Y', '0', 'admin', sysdate(), '', null, '默认分组');
insert into sys_dict_data values(11, 2,  '系统',     'SYSTEM',  'sys_job_group',       '',   '',        'N', '0', 'admin', sysdate(), '', null, '系统分组');
insert into sys_dict_data values(12, 1,  '是',       'Y',       'sys_yes_no',          '',   'primary', 'Y', '0', 'admin', sysdate(), '', null, '系统默认是');
insert into sys_dict_data values(13, 2,  '否',       'N',       'sys_yes_no',          '',   'danger',  'N', '0', 'admin', sysdate(), '', null, '系统默认否');
insert into sys_dict_data values(14, 1,  '通知',     '1',       'sys_notice_type',     '',   'warning', 'Y', '0', 'admin', sysdate(), '', null, '通知');
insert into sys_dict_data values(15, 2,  '公告',     '2',       'sys_notice_type',     '',   'success', 'N', '0', 'admin', sysdate(), '', null, '公告');
insert into sys_dict_data values(16, 1,  '正常',     '0',       'sys_notice_status',   '',   'primary', 'Y', '0', 'admin', sysdate(), '', null, '正常状态');
insert into sys_dict_data values(17, 2,  '关闭',     '1',       'sys_notice_status',   '',   'danger',  'N', '0', 'admin', sysdate(), '', null, '关闭状态');
insert into sys_dict_data values(18, 99, '其他',     '0',       'sys_oper_type',       '',   'info',    'N', '0', 'admin', sysdate(), '', null, '其他操作');
insert into sys_dict_data values(19, 1,  '新增',     '1',       'sys_oper_type',       '',   'info',    'N', '0', 'admin', sysdate(), '', null, '新增操作');
insert into sys_dict_data values(20, 2,  '修改',     '2',       'sys_oper_type',       '',   'info',    'N', '0', 'admin', sysdate(), '', null, '修改操作');
insert into sys_dict_data values(21, 3,  '删除',     '3',       'sys_oper_type',       '',   'danger',  'N', '0', 'admin', sysdate(), '', null, '删除操作');
insert into sys_dict_data values(22, 4,  '授权',     '4',       'sys_oper_type',       '',   'primary', 'N', '0', 'admin', sysdate(), '', null, '授权操作');
insert into sys_dict_data values(23, 5,  '导出',     '5',       'sys_oper_type',       '',   'warning', 'N', '0', 'admin', sysdate(), '', null, '导出操作');
insert into sys_dict_data values(24, 6,  '导入',     '6',       'sys_oper_type',       '',   'warning', 'N', '0', 'admin', sysdate(), '', null, '导入操作');
insert into sys_dict_data values(25, 7,  '强退',     '7',       'sys_oper_type',       '',   'danger',  'N', '0', 'admin', sysdate(), '', null, '强退操作');
insert into sys_dict_data values(26, 8,  '生成代码', '8',       'sys_oper_type',       '',   'warning', 'N', '0', 'admin', sysdate(), '', null, '生成操作');
insert into sys_dict_data values(27, 9,  '清空数据', '9',       'sys_oper_type',       '',   'danger',  'N', '0', 'admin', sysdate(), '', null, '清空操作');
insert into sys_dict_data values(28, 1,  '成功',     '0',       'sys_common_status',   '',   'primary', 'N', '0', 'admin', sysdate(), '', null, '正常状态');
insert into sys_dict_data values(29, 2,  '失败',     '1',       'sys_common_status',   '',   'danger',  'N', '0', 'admin', sysdate(), '', null, '停用状态');


-- ----------------------------
-- 13、参数配置表
-- ----------------------------
drop table if exists sys_config;
create table sys_config (
  config_id         int(5)          not null auto_increment    comment '参数主键',
  config_name       varchar(100)    default ''                 comment '参数名称',
  config_key        varchar(100)    default ''                 comment '参数键名',
  config_value      varchar(500)    default ''                 comment '参数键值',
  config_type       char(1)         default 'N'                comment '系统内置（Y是 N否）',
  create_by         varchar(64)     default ''                 comment '创建者',
  create_time       datetime                                   comment '创建时间',
  update_by         varchar(64)     default ''                 comment '更新者',
  update_time       datetime                                   comment '更新时间',
  remark            varchar(500)    default null               comment '备注',
  primary key (config_id)
) engine=innodb auto_increment=100 comment = '参数配置表';

insert into sys_config values(1, '主框架页-默认皮肤样式名称',     'sys.index.skinName',               'skin-blue',     'Y', 'admin', sysdate(), '', null, '蓝色 skin-blue、绿色 skin-green、紫色 skin-purple、红色 skin-red、黄色 skin-yellow' );
insert into sys_config values(2, '用户管理-账号初始密码',         'sys.user.initPassword',            '123456',        'Y', 'admin', sysdate(), '', null, '初始化密码 123456' );
insert into sys_config values(3, '主框架页-侧边栏主题',           'sys.index.sideTheme',              'theme-dark',    'Y', 'admin', sysdate(), '', null, '深色主题theme-dark，浅色主题theme-light' );
insert into sys_config values(4, '账号自助-验证码开关',           'sys.account.captchaEnabled',       'true',          'Y', 'admin', sysdate(), '', null, '是否开启验证码功能（true开启，false关闭）');
insert into sys_config values(5, '账号自助-是否开启用户注册功能', 'sys.account.registerUser',         'true',          'Y', 'admin', sysdate(), '', null, '是否开启注册用户功能（true开启，false关闭）');
insert into sys_config values(6, '用户登录-黑名单列表',           'sys.login.blackIPList',            '',              'Y', 'admin', sysdate(), '', null, '设置登录IP黑名单限制，多个匹配项以;分隔，支持匹配（*通配、网段）');
insert into sys_config values(7, '用户管理-初始密码修改策略',     'sys.account.initPasswordModify',   '1',             'Y', 'admin', sysdate(), '', null, '0：初始密码修改策略关闭，没有任何提示，1：提醒用户，如果未修改初始密码，则在登录时就会提醒修改密码对话框');
insert into sys_config values(8, '用户管理-账号密码更新周期',     'sys.account.passwordValidateDays', '0',             'Y', 'admin', sysdate(), '', null, '密码更新周期（填写数字，数据初始化值为0不限制，若修改必须为大于0小于365的正整数），如果超过这个周期登录系统时，则在登录时就会提醒修改密码对话框');


-- ----------------------------
-- 14、系统访问记录
-- ----------------------------
drop table if exists sys_logininfor;
create table sys_logininfor (
  info_id        bigint(20)     not null auto_increment   comment '访问ID',
  user_name      varchar(50)    default ''                comment '用户账号',
  ipaddr         varchar(128)   default ''                comment '登录IP地址',
  login_location varchar(255)   default ''                comment '登录地点',
  browser        varchar(50)    default ''                comment '浏览器类型',
  os             varchar(50)    default ''                comment '操作系统',
  status         char(1)        default '0'               comment '登录状态（0成功 1失败）',
  msg            varchar(255)   default ''                comment '提示消息',
  login_time     datetime                                 comment '访问时间',
  primary key (info_id),
  key idx_sys_logininfor_s  (status),
  key idx_sys_logininfor_lt (login_time)
) engine=innodb auto_increment=100 comment = '系统访问记录';


-- ----------------------------
-- 15、定时任务调度表
-- ----------------------------
drop table if exists sys_job;
create table sys_job (
  job_id              bigint(20)    not null auto_increment    comment '任务ID',
  job_name            varchar(64)   default ''                 comment '任务名称',
  job_group           varchar(64)   default 'DEFAULT'          comment '任务组名',
  invoke_target       varchar(500)  not null                   comment '调用目标字符串',
  cron_expression     varchar(255)  default ''                 comment 'cron执行表达式',
  misfire_policy      varchar(20)   default '3'                comment '计划执行错误策略（1立即执行 2执行一次 3放弃执行）',
  concurrent          char(1)       default '1'                comment '是否并发执行（0允许 1禁止）',
  status              char(1)       default '0'                comment '状态（0正常 1暂停）',
  create_by           varchar(64)   default ''                 comment '创建者',
  create_time         datetime                                 comment '创建时间',
  update_by           varchar(64)   default ''                 comment '更新者',
  update_time         datetime                                 comment '更新时间',
  remark              varchar(500)  default ''                 comment '备注信息',
  primary key (job_id, job_name, job_group)
) engine=innodb auto_increment=100 comment = '定时任务调度表';

insert into sys_job values(1, '系统默认（无参）', 'DEFAULT', 'ryTask.ryNoParams',        '0/10 * * * * ?', '3', '1', '1', 'admin', sysdate(), '', null, '');
insert into sys_job values(2, '系统默认（有参）', 'DEFAULT', 'ryTask.ryParams(\'ry\')',  '0/15 * * * * ?', '3', '1', '1', 'admin', sysdate(), '', null, '');
insert into sys_job values(3, '系统默认（多参）', 'DEFAULT', 'ryTask.ryMultipleParams(\'ry\', true, 2000L, 316.50D, 100)',  '0/20 * * * * ?', '3', '1', '1', 'admin', sysdate(), '', null, '');


-- ----------------------------
-- 16、定时任务调度日志表
-- ----------------------------
drop table if exists sys_job_log;
create table sys_job_log (
  job_log_id          bigint(20)     not null auto_increment    comment '任务日志ID',
  job_name            varchar(64)    not null                   comment '任务名称',
  job_group           varchar(64)    not null                   comment '任务组名',
  invoke_target       varchar(500)   not null                   comment '调用目标字符串',
  job_message         varchar(500)                              comment '日志信息',
  status              char(1)        default '0'                comment '执行状态（0正常 1失败）',
  exception_info      varchar(2000)  default ''                 comment '异常信息',
  create_time         datetime                                  comment '创建时间',
  primary key (job_log_id)
) engine=innodb comment = '定时任务调度日志表';


-- ----------------------------
-- 17、通知公告表
-- ----------------------------
drop table if exists sys_notice;
create table sys_notice (
  notice_id         int(4)          not null auto_increment    comment '公告ID',
  notice_title      varchar(50)     not null                   comment '公告标题',
  notice_type       char(1)         not null                   comment '公告类型（1通知 2公告）',
  notice_content    longblob        default null               comment '公告内容',
  status            char(1)         default '0'                comment '公告状态（0正常 1关闭）',
  create_by         varchar(64)     default ''                 comment '创建者',
  create_time       datetime                                   comment '创建时间',
  update_by         varchar(64)     default ''                 comment '更新者',
  update_time       datetime                                   comment '更新时间',
  remark            varchar(255)    default null               comment '备注',
  primary key (notice_id)
) engine=innodb auto_increment=10 comment = '通知公告表';

-- ----------------------------
-- 初始化-公告信息表数据
-- ----------------------------
insert into sys_notice values('1', '温馨提醒：2018-07-01 若依新版本发布啦', '2', '新版本内容', '0', 'admin', sysdate(), '', null, '管理员');
insert into sys_notice values('2', '维护通知：2018-07-01 若依系统凌晨维护', '1', '维护内容',   '0', 'admin', sysdate(), '', null, '管理员');


-- ----------------------------
-- 18、代码生成业务表
-- ----------------------------
drop table if exists gen_table;
create table gen_table (
  table_id          bigint(20)      not null auto_increment    comment '编号',
  table_name        varchar(200)    default ''                 comment '表名称',
  table_comment     varchar(500)    default ''                 comment '表描述',
  sub_table_name    varchar(64)     default null               comment '关联子表的表名',
  sub_table_fk_name varchar(64)     default null               comment '子表关联的外键名',
  class_name        varchar(100)    default ''                 comment '实体类名称',
  tpl_category      varchar(200)    default 'crud'             comment '使用的模板（crud单表操作 tree树表操作）',
  tpl_web_type      varchar(30)     default ''                 comment '前端模板类型（element-ui模版 element-plus模版）',
  package_name      varchar(100)                               comment '生成包路径',
  module_name       varchar(30)                                comment '生成模块名',
  business_name     varchar(30)                                comment '生成业务名',
  function_name     varchar(50)                                comment '生成功能名',
  function_author   varchar(50)                                comment '生成功能作者',
  gen_type          char(1)         default '0'                comment '生成代码方式（0zip压缩包 1自定义路径）',
  gen_path          varchar(200)    default '/'                comment '生成路径（不填默认项目路径）',
  options           varchar(1000)                              comment '其它生成选项',
  create_by         varchar(64)     default ''                 comment '创建者',
  create_time 	    datetime                                   comment '创建时间',
  update_by         varchar(64)     default ''                 comment '更新者',
  update_time       datetime                                   comment '更新时间',
  remark            varchar(500)    default null               comment '备注',
  primary key (table_id)
) engine=innodb auto_increment=1 comment = '代码生成业务表';


-- ----------------------------
-- 19、代码生成业务表字段
-- ----------------------------
drop table if exists gen_table_column;
create table gen_table_column (
  column_id         bigint(20)      not null auto_increment    comment '编号',
  table_id          bigint(20)                                 comment '归属表编号',
  column_name       varchar(200)                               comment '列名称',
  column_comment    varchar(500)                               comment '列描述',
  column_type       varchar(100)                               comment '列类型',
  java_type         varchar(500)                               comment 'JAVA类型',
  java_field        varchar(200)                               comment 'JAVA字段名',
  is_pk             char(1)                                    comment '是否主键（1是）',
  is_increment      char(1)                                    comment '是否自增（1是）',
  is_required       char(1)                                    comment '是否必填（1是）',
  is_insert         char(1)                                    comment '是否为插入字段（1是）',
  is_edit           char(1)                                    comment '是否编辑字段（1是）',
  is_list           char(1)                                    comment '是否列表字段（1是）',
  is_query          char(1)                                    comment '是否查询字段（1是）',
  query_type        varchar(200)    default 'EQ'               comment '查询方式（等于、不等于、大于、小于、范围）',
  html_type         varchar(200)                               comment '显示类型（文本框、文本域、下拉框、复选框、单选框、日期控件）',
  dict_type         varchar(200)    default ''                 comment '字典类型',
  sort              int                                        comment '排序',
  create_by         varchar(64)     default ''                 comment '创建者',
  create_time 	    datetime                                   comment '创建时间',
  update_by         varchar(64)     default ''                 comment '更新者',
  update_time       datetime                                   comment '更新时间',
  primary key (column_id)
) engine=innodb auto_increment=1 comment = '代码生成业务表字段';

-- ============================================================================
-- 追加功能：权限、菜单与角色扩展（来自 7/8）
-- ============================================================================
-- Ensure data upload/query menus carry list permission
UPDATE sys_menu
SET perms = 'patient:information:list'
WHERE menu_name IN ('数据上传', '数据查询')
  AND (perms IS NULL OR perms = '');

-- Rename department management menu to hospital management
update sys_menu
set menu_name = '医院管理',
    remark = '医院管理菜单'
where menu_name = '部门管理'
  and path = 'dept';

-- Add doctor approval permission (button)
INSERT INTO sys_menu (
  menu_name, parent_id, order_num, path, component, query, route_name,
  is_frame, is_cache, menu_type, visible, status, perms, icon,
  create_by, create_time, remark
)
SELECT
  '医生申请审批', m.menu_id, 99, '#', '', '', '',
  1, 0, 'F', '0', '0', 'system:user:approveDoctor', '#',
  'admin', sysdate(), '医生申请审批'
FROM sys_menu m
WHERE m.perms = 'system:user:list'
  AND NOT EXISTS (
    SELECT 1 FROM sys_menu WHERE perms = 'system:user:approveDoctor'
  );

-- Roles (create if missing)
INSERT INTO sys_role (
  role_name, role_key, role_sort, data_scope, menu_check_strictly, dept_check_strictly,
  status, del_flag, create_by, create_time, remark
)
SELECT '用户级', 'user', 10, '5', 1, 1, '0', '0', 'admin', sysdate(), '用户级'
WHERE NOT EXISTS (SELECT 1 FROM sys_role WHERE role_key = 'user');

INSERT INTO sys_role (
  role_name, role_key, role_sort, data_scope, menu_check_strictly, dept_check_strictly,
  status, del_flag, create_by, create_time, remark
)
SELECT '科室医生级', 'dept_doctor', 20, '3', 1, 1, '0', '0', 'admin', sysdate(), '科室医生级'
WHERE NOT EXISTS (SELECT 1 FROM sys_role WHERE role_key = 'dept_doctor');

INSERT INTO sys_role (
  role_name, role_key, role_sort, data_scope, menu_check_strictly, dept_check_strictly,
  status, del_flag, create_by, create_time, remark
)
SELECT '科室主管级', 'dept_manager', 30, '4', 1, 1, '0', '0', 'admin', sysdate(), '科室主管级'
WHERE NOT EXISTS (SELECT 1 FROM sys_role WHERE role_key = 'dept_manager');

INSERT INTO sys_role (
  role_name, role_key, role_sort, data_scope, menu_check_strictly, dept_check_strictly,
  status, del_flag, create_by, create_time, remark
)
SELECT '院区主管级', 'campus_manager', 40, '1', 1, 1, '0', '0', 'admin', sysdate(), '院区主管级'
WHERE NOT EXISTS (SELECT 1 FROM sys_role WHERE role_key = 'campus_manager');

UPDATE sys_role
SET data_scope = '1'
WHERE role_key = 'campus_manager';

-- Menu access: 用户级
INSERT IGNORE INTO sys_role_menu (role_id, menu_id)
SELECT r.role_id, m.menu_id
FROM sys_role r, sys_menu m
WHERE r.role_key = 'user' AND m.menu_name = '数据上传';

INSERT IGNORE INTO sys_role_menu (role_id, menu_id)
SELECT r.role_id, m.menu_id
FROM sys_role r, sys_menu m
WHERE r.role_key = 'user'
  AND m.perms IN (
    'patient:information:list',
    'patient:information:add',
    'patient:information:edit',
    'patient:information:query'
  );

-- Menu access: 科室医生级
INSERT IGNORE INTO sys_role_menu (role_id, menu_id)
SELECT r.role_id, m.menu_id
FROM sys_role r, sys_menu m
WHERE r.role_key = 'dept_doctor' AND m.menu_name IN ('数据上传', '数据查询');

INSERT IGNORE INTO sys_role_menu (role_id, menu_id)
SELECT r.role_id, m.menu_id
FROM sys_role r, sys_menu m
WHERE r.role_key = 'dept_doctor'
  AND m.perms IN (
    'patient:information:list',
    'patient:information:add',
    'patient:information:edit',
    'patient:information:query'
  );

-- Menu access: 科室主管级
INSERT IGNORE INTO sys_role_menu (role_id, menu_id)
SELECT r.role_id, m.menu_id
FROM sys_role r, sys_menu m
WHERE r.role_key = 'dept_manager' AND m.menu_name = '系统管理';

INSERT IGNORE INTO sys_role_menu (role_id, menu_id)
SELECT r.role_id, m.menu_id
FROM sys_role r, sys_menu m
WHERE r.role_key = 'dept_manager' AND m.menu_name IN ('数据上传', '数据查询', '用户管理');

INSERT IGNORE INTO sys_role_menu (role_id, menu_id)
SELECT r.role_id, m.menu_id
FROM sys_role r, sys_menu m
WHERE r.role_key = 'dept_manager'
  AND m.perms IN (
    'patient:information:list',
    'patient:information:add',
    'patient:information:edit',
    'patient:information:query',
    'system:user:list',
    'system:user:query',
    'system:user:add',
    'system:user:edit',
    'system:user:remove',
    'system:user:resetPwd',
    'system:user:import',
    'system:user:export',
    'system:user:approveDoctor'
  );

-- Menu access: 院区主管级
INSERT IGNORE INTO sys_role_menu (role_id, menu_id)
SELECT r.role_id, m.menu_id
FROM sys_role r, sys_menu m
WHERE r.role_key = 'campus_manager' AND m.menu_name = '系统管理';

INSERT IGNORE INTO sys_role_menu (role_id, menu_id)
SELECT r.role_id, m.menu_id
FROM sys_role r, sys_menu m
WHERE r.role_key = 'campus_manager' AND m.menu_name IN ('数据上传', '数据查询', '用户管理', '医院管理');

INSERT IGNORE INTO sys_role_menu (role_id, menu_id)
SELECT r.role_id, m.menu_id
FROM sys_role r, sys_menu m
WHERE r.role_key = 'campus_manager'
  AND m.perms IN (
    'patient:information:list',
    'patient:information:add',
    'patient:information:edit',
    'patient:information:query',
    'system:user:list',
    'system:user:query',
    'system:user:add',
    'system:user:edit',
    'system:user:remove',
    'system:user:resetPwd',
    'system:user:import',
    'system:user:export',
    'system:user:approveDoctor',
    'system:dept:list',
    'system:dept:query',
    'system:dept:add',
    'system:dept:edit',
    'system:dept:remove'
  );

-- Ensure System Management menu is bound to dept_manager + campus_manager
INSERT IGNORE INTO sys_role_menu (role_id, menu_id)
SELECT role_id, 1
FROM sys_role
WHERE role_key IN ('dept_manager','campus_manager');

-- Menu access: 管理员级（全部菜单与权限）
INSERT IGNORE INTO sys_role_menu (role_id, menu_id)
SELECT r.role_id, m.menu_id
FROM sys_role r, sys_menu m
WHERE r.role_key = 'admin';

-- ============================================
-- Quartz 调度表
-- ============================================
DROP TABLE IF EXISTS QRTZ_FIRED_TRIGGERS;
DROP TABLE IF EXISTS QRTZ_PAUSED_TRIGGER_GRPS;
DROP TABLE IF EXISTS QRTZ_SCHEDULER_STATE;
DROP TABLE IF EXISTS QRTZ_LOCKS;
DROP TABLE IF EXISTS QRTZ_SIMPLE_TRIGGERS;
DROP TABLE IF EXISTS QRTZ_SIMPROP_TRIGGERS;
DROP TABLE IF EXISTS QRTZ_CRON_TRIGGERS;
DROP TABLE IF EXISTS QRTZ_BLOB_TRIGGERS;
DROP TABLE IF EXISTS QRTZ_TRIGGERS;
DROP TABLE IF EXISTS QRTZ_JOB_DETAILS;
DROP TABLE IF EXISTS QRTZ_CALENDARS;

-- 用途: Quartz 调度器表结构（用于定时任务持久化）
-- ----------------------------
-- 1、存储每一个已配置的 jobDetail 的详细信息
-- ----------------------------
create table QRTZ_JOB_DETAILS (
    sched_name           varchar(120)    not null            comment '调度名称',
    job_name             varchar(200)    not null            comment '任务名称',
    job_group            varchar(200)    not null            comment '任务组名',
    description          varchar(250)    null                comment '相关介绍',
    job_class_name       varchar(250)    not null            comment '执行任务类名称',
    is_durable           varchar(1)      not null            comment '是否持久化',
    is_nonconcurrent     varchar(1)      not null            comment '是否并发',
    is_update_data       varchar(1)      not null            comment '是否更新数据',
    requests_recovery    varchar(1)      not null            comment '是否接受恢复执行',
    job_data             blob            null                comment '存放持久化job对象',
    primary key (sched_name, job_name, job_group)
) engine=innodb comment = '任务详细信息表';

-- ----------------------------
-- 2、 存储已配置的 Trigger 的信息
-- ----------------------------
create table QRTZ_TRIGGERS (
    sched_name           varchar(120)    not null            comment '调度名称',
    trigger_name         varchar(200)    not null            comment '触发器的名字',
    trigger_group        varchar(200)    not null            comment '触发器所属组的名字',
    job_name             varchar(200)    not null            comment 'qrtz_job_details表job_name的外键',
    job_group            varchar(200)    not null            comment 'qrtz_job_details表job_group的外键',
    description          varchar(250)    null                comment '相关介绍',
    next_fire_time       bigint(13)      null                comment '上一次触发时间（毫秒）',
    prev_fire_time       bigint(13)      null                comment '下一次触发时间（默认为-1表示不触发）',
    priority             integer         null                comment '优先级',
    trigger_state        varchar(16)     not null            comment '触发器状态',
    trigger_type         varchar(8)      not null            comment '触发器的类型',
    start_time           bigint(13)      not null            comment '开始时间',
    end_time             bigint(13)      null                comment '结束时间',
    calendar_name        varchar(200)    null                comment '日程表名称',
    misfire_instr        smallint(2)     null                comment '补偿执行的策略',
    job_data             blob            null                comment '存放持久化job对象',
    primary key (sched_name, trigger_name, trigger_group),
    foreign key (sched_name, job_name, job_group) references QRTZ_JOB_DETAILS(sched_name, job_name, job_group)
) engine=innodb comment = '触发器详细信息表';

-- ----------------------------
-- 3、 存储简单的 Trigger，包括重复次数，间隔，以及已触发的次数
-- ----------------------------
create table QRTZ_SIMPLE_TRIGGERS (
    sched_name           varchar(120)    not null            comment '调度名称',
    trigger_name         varchar(200)    not null            comment 'qrtz_triggers表trigger_name的外键',
    trigger_group        varchar(200)    not null            comment 'qrtz_triggers表trigger_group的外键',
    repeat_count         bigint(7)       not null            comment '重复的次数统计',
    repeat_interval      bigint(12)      not null            comment '重复的间隔时间',
    times_triggered      bigint(10)      not null            comment '已经触发的次数',
    primary key (sched_name, trigger_name, trigger_group),
    foreign key (sched_name, trigger_name, trigger_group) references QRTZ_TRIGGERS(sched_name, trigger_name, trigger_group)
) engine=innodb comment = '简单触发器的信息表';

-- ----------------------------
-- 4、 存储 Cron Trigger，包括 Cron 表达式和时区信息
-- ---------------------------- 
create table QRTZ_CRON_TRIGGERS (
    sched_name           varchar(120)    not null            comment '调度名称',
    trigger_name         varchar(200)    not null            comment 'qrtz_triggers表trigger_name的外键',
    trigger_group        varchar(200)    not null            comment 'qrtz_triggers表trigger_group的外键',
    cron_expression      varchar(200)    not null            comment 'cron表达式',
    time_zone_id         varchar(80)                         comment '时区',
    primary key (sched_name, trigger_name, trigger_group),
    foreign key (sched_name, trigger_name, trigger_group) references QRTZ_TRIGGERS(sched_name, trigger_name, trigger_group)
) engine=innodb comment = 'Cron类型的触发器表';

-- ----------------------------
-- 5、 Trigger 作为 Blob 类型存储(用于 Quartz 用户用 JDBC 创建他们自己定制的 Trigger 类型，JobStore 并不知道如何存储实例的时候)
-- ---------------------------- 
create table QRTZ_BLOB_TRIGGERS (
    sched_name           varchar(120)    not null            comment '调度名称',
    trigger_name         varchar(200)    not null            comment 'qrtz_triggers表trigger_name的外键',
    trigger_group        varchar(200)    not null            comment 'qrtz_triggers表trigger_group的外键',
    blob_data            blob            null                comment '存放持久化Trigger对象',
    primary key (sched_name, trigger_name, trigger_group),
    foreign key (sched_name, trigger_name, trigger_group) references QRTZ_TRIGGERS(sched_name, trigger_name, trigger_group)
) engine=innodb comment = 'Blob类型的触发器表';

-- ----------------------------
-- 6、 以 Blob 类型存储存放日历信息， quartz可配置一个日历来指定一个时间范围
-- ---------------------------- 
create table QRTZ_CALENDARS (
    sched_name           varchar(120)    not null            comment '调度名称',
    calendar_name        varchar(200)    not null            comment '日历名称',
    calendar             blob            not null            comment '存放持久化calendar对象',
    primary key (sched_name, calendar_name)
) engine=innodb comment = '日历信息表';

-- ----------------------------
-- 7、 存储已暂停的 Trigger 组的信息
-- ---------------------------- 
create table QRTZ_PAUSED_TRIGGER_GRPS (
    sched_name           varchar(120)    not null            comment '调度名称',
    trigger_group        varchar(200)    not null            comment 'qrtz_triggers表trigger_group的外键',
    primary key (sched_name, trigger_group)
) engine=innodb comment = '暂停的触发器表';

-- ----------------------------
-- 8、 存储与已触发的 Trigger 相关的状态信息，以及相联 Job 的执行信息
-- ---------------------------- 
create table QRTZ_FIRED_TRIGGERS (
    sched_name           varchar(120)    not null            comment '调度名称',
    entry_id             varchar(95)     not null            comment '调度器实例id',
    trigger_name         varchar(200)    not null            comment 'qrtz_triggers表trigger_name的外键',
    trigger_group        varchar(200)    not null            comment 'qrtz_triggers表trigger_group的外键',
    instance_name        varchar(200)    not null            comment '调度器实例名',
    fired_time           bigint(13)      not null            comment '触发的时间',
    sched_time           bigint(13)      not null            comment '定时器制定的时间',
    priority             integer         not null            comment '优先级',
    state                varchar(16)     not null            comment '状态',
    job_name             varchar(200)    null                comment '任务名称',
    job_group            varchar(200)    null                comment '任务组名',
    is_nonconcurrent     varchar(1)      null                comment '是否并发',
    requests_recovery    varchar(1)      null                comment '是否接受恢复执行',
    primary key (sched_name, entry_id)
) engine=innodb comment = '已触发的触发器表';

-- ----------------------------
-- 9、 存储少量的有关 Scheduler 的状态信息，假如是用于集群中，可以看到其他的 Scheduler 实例
-- ---------------------------- 
create table QRTZ_SCHEDULER_STATE (
    sched_name           varchar(120)    not null            comment '调度名称',
    instance_name        varchar(200)    not null            comment '实例名称',
    last_checkin_time    bigint(13)      not null            comment '上次检查时间',
    checkin_interval     bigint(13)      not null            comment '检查间隔时间',
    primary key (sched_name, instance_name)
) engine=innodb comment = '调度器状态表';

-- ----------------------------
-- 10、 存储程序的悲观锁的信息(假如使用了悲观锁)
-- ---------------------------- 
create table QRTZ_LOCKS (
    sched_name           varchar(120)    not null            comment '调度名称',
    lock_name            varchar(40)     not null            comment '悲观锁名称',
    primary key (sched_name, lock_name)
) engine=innodb comment = '存储的悲观锁信息表';

-- ----------------------------
-- 11、 Quartz集群实现同步机制的行锁表
-- ---------------------------- 
create table QRTZ_SIMPROP_TRIGGERS (
    sched_name           varchar(120)    not null            comment '调度名称',
    trigger_name         varchar(200)    not null            comment 'qrtz_triggers表trigger_name的外键',
    trigger_group        varchar(200)    not null            comment 'qrtz_triggers表trigger_group的外键',
    str_prop_1           varchar(512)    null                comment 'String类型的trigger的第一个参数',
    str_prop_2           varchar(512)    null                comment 'String类型的trigger的第二个参数',
    str_prop_3           varchar(512)    null                comment 'String类型的trigger的第三个参数',
    int_prop_1           int             null                comment 'int类型的trigger的第一个参数',
    int_prop_2           int             null                comment 'int类型的trigger的第二个参数',
    long_prop_1          bigint          null                comment 'long类型的trigger的第一个参数',
    long_prop_2          bigint          null                comment 'long类型的trigger的第二个参数',
    dec_prop_1           numeric(13,4)   null                comment 'decimal类型的trigger的第一个参数',
    dec_prop_2           numeric(13,4)   null                comment 'decimal类型的trigger的第二个参数',
    bool_prop_1          varchar(1)      null                comment 'Boolean类型的trigger的第一个参数',
    bool_prop_2          varchar(1)      null                comment 'Boolean类型的trigger的第二个参数',
    primary key (sched_name, trigger_name, trigger_group),
    foreign key (sched_name, trigger_name, trigger_group) references QRTZ_TRIGGERS(sched_name, trigger_name, trigger_group)
) engine=innodb comment = '同步机制的行锁表';

commit;
-- ==== END 2_基础运行数据.sql ====

-- SECTION 03: 3_业务.sql
-- ============================================
-- ==== BEGIN 3_业务.sql ====
-- 用途: 业务表（患者信息、就诊主表、问卷；不含示例数据）
USE fl;
SET NAMES utf8mb4 COLLATE utf8mb4_general_ci;
# MySQL 8.4 LTS 

####################################
######## TABLE patient_info ########
####################################

DROP TABLE IF EXISTS `patient_info`;
/*!40101 SET @saved_cs_client     = @@character_set_client */;
/*!40101 SET character_set_client = utf8 */;

CREATE TABLE `patient_info` (
        `patient_id`        int(11) NOT NULL AUTO_INCREMENT,
        `name`              varchar(50) NOT NULL,
        `gender`            enum('男','女') NOT NULL,
        `birth_date`        date NOT NULL,
        `visit_time`        datetime NOT NULL,
        `hospital`          varchar(100) NOT NULL,
        `medical_record_no` varchar(50) NOT NULL,
        `parent_name`       varchar(50) NOT NULL,
        `phone`             varchar(20) NOT NULL,
        `past_medication`   text,
        `chief_complaint`   text NOT NULL,
        PRIMARY KEY (`patient_id`)
) ENGINE=MyISAM DEFAULT CHARSET=utf8mb4 COLLATE=utf8mb4_general_ci;

/*!40101 SET character_set_client = @saved_cs_client */;

######## TABLE patient_info end ########

################################################################
######## Table structure for table `patient_visit_info` ########
################################################################

DROP TABLE IF EXISTS `patient_visit_info`;
/*!40101 SET @saved_cs_client     = @@character_set_client */;
/*!40101 SET character_set_client = utf8mb4 */;

CREATE TABLE `patient_visit_info` (
      `visit_id`                  INT(11) NOT NULL AUTO_INCREMENT COMMENT '0.序号（主键）',
      `name`                      VARCHAR(50) COMMENT '1、姓名',
      `gender`                    ENUM('男','女') COMMENT '2、性别',
      `birth_date`                DATE COMMENT '3、出生日期',
      `visit_time`                DATE COMMENT '4、就诊时间',
      `hospital`                  VARCHAR(100) COMMENT '5、就诊医院',
      `hospital_dept_id`          BIGINT(20) COMMENT '就诊医院所属部门ID',
      `medical_record_no`         VARCHAR(50) COMMENT '6、病历号',
      `parent_name`               VARCHAR(50) COMMENT '7、家长姓名',
      `phone`                     VARCHAR(20) COMMENT '8、手机号码',
      `past_medication`           TEXT COMMENT '9、既往用药',
      `chief_complaint`           TEXT COMMENT '10、主诉',
      `main_symptom`              TEXT COMMENT '11、主证',
      `comorbidity`               TEXT COMMENT '12、共患病',
      `physical_exam`             TEXT COMMENT '13、体格检查 ',
      `tongue_pulse`              TEXT COMMENT '14、舌脉',
      `tongue_image_path`         TEXT COMMENT '15、请上传自然光线下舌象照片',
      `allergen_total_ige`        TEXT COMMENT '16、过敏原检测 总IgE（IU/ml）',
      `allergen_specific_ige`     TEXT COMMENT '17、过敏原检测 特异性IgE（IU/ml）',
      `blood_test_image_path`     TEXT COMMENT '18、血常规     RBC;WBC;PLT;Hb;EOS',
      `inflammation_image_path`   TEXT COMMENT '19、炎症因子 IL-4；IL-6；IL-10；TNF-α',
      `liver_kidney_image_path`   TEXT COMMENT '20、肝肾功能 Scr；Bun；ALT；AST；TBIL',
      `renal_injury_image_path`   TEXT COMMENT '21、肾早期损伤 尿微量蛋白；尿肌酐；β2-微球蛋白；微量蛋白/尿肌酐',
      `tcm_diagnosis`             VARCHAR(100) COMMENT '22、中医诊断',
      `tcm_treatment`             VARCHAR(100) COMMENT '23、中医治法',
      `tcm_treatment_image_path`  TEXT COMMENT '24、中药处方',
      `tcm_external_prescription` TEXT COMMENT '25、中医外治处方',
      `create_by`                 VARCHAR(64) DEFAULT '' COMMENT '创建者',
      `create_time`               DATETIME DEFAULT NULL COMMENT '创建时间',
      `update_by`                 VARCHAR(64) DEFAULT '' COMMENT '更新者',
      `update_time`               DATETIME DEFAULT NULL COMMENT '更新时间',
      `remark`                    VARCHAR(500) DEFAULT NULL COMMENT '备注',
      PRIMARY KEY (`visit_id`),
      KEY `idx_medical_record_no` (`medical_record_no`) COMMENT '病历号索引',
      KEY `idx_visit_time` (`visit_time`) COMMENT '就诊时间索引',
      KEY `idx_hospital_dept_id` (`hospital_dept_id`) COMMENT '就诊医院部门索引',
      KEY `idx_hospital` (`hospital`) COMMENT '医院名称索引'
) ENGINE=InnoDB AUTO_INCREMENT=4 DEFAULT CHARSET=utf8mb4 COLLATE=utf8mb4_general_ci COMMENT='鼻炎患者就诊信息主表（包含图片路径等扩展字段）';

/*!40101 SET character_set_client = @saved_cs_client */;


-- ============================================================================
-- 问卷表
-- ============================================================================
DROP TABLE IF EXISTS sys_survey;
CREATE TABLE sys_survey (
  survey_id         bigint(20)      not null auto_increment    comment '问卷ID',
  title             varchar(255)    default ''                 comment '问卷标题',
  content           longtext                                   comment '问卷内容',
  status            char(1)         default '0'                comment '状态（0正常 1停用）',
  del_flag          char(1)         default '0'                comment '删除标志（0代表存在 2代表删除）',
  create_by         varchar(64)     default ''                 comment '创建者',
  create_time       datetime                                   comment '创建时间',
  update_by         varchar(64)     default ''                 comment '更新者',
  update_time       datetime                                   comment '更新时间',
  remark            varchar(500)    default null               comment '备注',
  primary key (survey_id)
) engine=innodb auto_increment=100 default charset=utf8mb4 collate=utf8mb4_general_ci comment = '问卷表';
-- ==== END 3_业务.sql ====

